{"startTriggerValue":0.0,"airTriggerValue":0.20000000298023225,"fullTriggerValue":1.0,"localPosition":{"x":0.00974643137305975,"y":-0.021977270022034646,"z":0.022016922011971475},"localRotation":{"x":-0.5121086835861206,"y":0.4586602449417114,"z":0.5509291887283325,"w":-0.47313061356544497}}