{"startTriggerValue":868.0,"airTriggerValue":615.0,"fullTriggerValue":336.0,"minMaterialRegulationValue":1022.0,"maxMaterialRegulationValue":0.0,"minWideStreamRegulationValue":1023.0,"maxWideStreamRegulationValue":0.0,"minAirMicrometerValue":1023.0,"maxAirMicrometerValue":777.0,"localPosition":{"x":-0.018767867237329484,"y":-0.030403167009353639,"z":0.3880659341812134},"localRotation":{"x":0.5758028030395508,"y":-0.285271018743515,"z":0.6809539198875427,"w":-0.35124555230140688}}